distancia_km,tiempo_min,transbordos,congestion,demanda,hora_pico,costo,ruta_recomendada
2.1,12,0,1,1,0,3000,1
3.5,18,1,2,2,0,3000,1
5.2,28,1,3,3,1,3000,0
1.8,10,0,1,1,0,3000,1
7.5,42,2,4,4,1,3000,0
4.1,22,1,2,2,0,3000,1
6.8,38,2,3,4,1,3000,0
2.7,15,0,2,2,0,3000,1
8.2,45,3,4,5,1,3000,0
3.9,20,1,2,2,0,3000,1
5.7,31,2,3,3,1,3000,0
2.4,14,0,1,1,0,3000,1
6.1,35,2,3,4,1,3000,0
4.5,24,1,2,3,0,3000,1
7.2,40,2,4,5,1,3000,0
3.2,17,0,2,2,0,3000,1
5.4,29,1,3,3,1,3000,0
2.9,16,0,1,2,0,3000,1
6.5,36,2,4,4,1,3000,0
4.8,26,1,2,3,0,3000,1
